"Agent No","Policy No","Tran No","Client No","Ri Desc","Policy Issue Date","Policy Status","Cover Note No","Vehicle Engine","Vehicle Registration No","Client Name","Client Surname","Vehicle Chassis"
"11001147","I2200036","3","00001634","LANDMARK INSURANCE BROKERS PVT","2018/06/12 00:00:00","IF","40034027","287694","DL08CT9427","VINOD","KUMAR","677778"
"G2000122","S3634923","4","00001634","LANDMARK INSURANCE BROKERS PVT","2018/06/12 00:00:00","IF","40004856","1828016","GJ05JA5615","BADRIPRASAD MANGILAL","AGARWAL","380782"
"23000040","I2351377","2","00001634","LANDMARK INSURANCE BROKERS PVT","2018/06/12 00:00:00","IF","","30115441","MH04DB4353","BHARAT B","SHARMA","N339379"
"51000141","I1633709","5","00001634","LANDMARK INSURANCE BROKERS PVT","2018/06/12 00:00:00","IF","","1ND1256627","AP28DN9241","T.USHA","KIRAN","208740512"
"23000040","I0613108","8","00001634","LANDMARK INSURANCE BROKERS PVT","2018/06/12 00:00:00","IF","","L12B10007878","MH02BY8023","MANDIRA A","CHAUHAN","MAKGG171AAN007847"
"11001147","I2624284","1","00001634","LANDMARK INSURANCE BROKERS PVT","2018/06/12 00:00:00","IF","40013346","4016287","NEW","PRITAM","..","MCAAJPCY7JFA26376*3J"
"13000773","I1937466","4","00001634","LANDMARK INSURANCE BROKERS PVT","2018/06/12 00:00:00","IF","40013957","6318448","HR55J3092","SANJIV","SHARMA","174196"
"23001086","S0252681","8","00001634","LANDMARK INSURANCE BROKERS PVT","2018/06/12 00:00:00","IF","","L15A30147727","MH04DR0856","PATIL","RATNAKAR SHIVAJI","MAKGD852C8N416368"
"G2000122","I2513680","2","00001634","LANDMARK INSURANCE BROKERS PVT","2018/06/12 00:00:00","IF","","33235095","GJ05JS5625","ADVAIT NARESH","BAXI","36L059811"
"E2000104","S5969537","2","00001634","LANDMARK INSURANCE BROKERS PVT","2018/06/12 00:00:00","IF","","UKEHE001682","KA19EV8079","..","VIJAY VINCENT MIRANDA","MCDAE1B1VH1E01492"
"31000924","I2624016","1","00001634","LANDMARK INSURANCE BROKERS PVT","2018/06/12 00:00:00","IF","","80241968","TN13C0546","DURAI MURUGAN","..","CF8241508"
"41000319","SA618715","1","00001634","LANDMARK INSURANCE BROKERS PVT","2018/06/12 00:00:00","IF","","2067279","KA11EE1134","..","DODDAIAH","B55655"
"23001086","I2196370","3","00001634","LANDMARK INSURANCE BROKERS PVT","2018/06/12 00:00:00","IF","","029747","MH03AM6057","SANJAY NANDLAL","PUNJABI","020825"
"13000773","S1208580","7","00001634","LANDMARK INSURANCE BROKERS PVT","2018/06/12 00:00:00","IF","40013958","E006384","HR26BS9876","DEEPAK","YADAV","3009258"
"E2000104","SA602200","1","00001634","LANDMARK INSURANCE BROKERS PVT","2018/06/12 00:00:00","IF","","UFEJE000086","NEW","..","NATHAN BENNETT","MA1KE1C16J1E00084"
"41000319","I2624103","1","00001634","LANDMARK INSURANCE BROKERS PVT","2018/06/12 00:00:00","IF","40000582","042344","KA05MP6916","NIKHIL S","..","239842"
"71000115","S4771360","3","00001634","LANDMARK INSURANCE BROKERS PVT","2018/06/12 00:00:00","IF","","70262127","GJ27Q2087","TIWARI","ASHISH RAMAKANT","7262135"
"D1000698","I2623298","1","00001634","LANDMARK INSURANCE BROKERS PVT","2018/06/12 00:00:00","IF","40023607","0145Y069EG","MH31EU6300","SINHA","SONAL","WBAHU170705D74773"
"71000115","S4771082","3","00001634","LANDMARK INSURANCE BROKERS PVT","2018/06/12 00:00:00","IF","","2280058","GJ01EU0721","MITESHKUMAR AMBALAL","PATEL","279054"
"41000319","I2624168","1","00001634","LANDMARK INSURANCE BROKERS PVT","2018/06/12 00:00:00","IF","40000379","D4204T232518479","NEW","T PRABHAKARA","..","YVIUZ68ACJ1095039"
"23000040","SA621341","1","00001634","LANDMARK INSURANCE BROKERS PVT","2018/06/12 00:00:00","IF","","K30830","MH04HX6397","","MICROSCAN COMPUTERS PVT LTD","129061"
"41000319","I0945060","7","00001634","LANDMARK INSURANCE BROKERS PVT","2018/06/12 00:00:00","IF","40000710","988254","KA03MH0882","DINESH BABU","M.A","7088213"
"22000810","Q0080291","4","00001634","LANDMARK INSURANCE BROKERS PVT","2018/06/12 00:00:00","IF","","","","REJEE","NAIR",""
"D2000437","I2623925","1","00001634","LANDMARK INSURANCE BROKERS PVT","2018/06/12 00:00:00","IF","40024090","386748","MH46W9614","","UTTAM GALVA STEELS LTD","222698"
"G1000105","SA622979","1","00001634","LANDMARK INSURANCE BROKERS PVT","2018/06/12 00:00:00","IF","","62041268","GJ06FH6789","","SWISS PACK PVT LTD","81644353"
"31000924","S1250349","6","00001634","LANDMARK INSURANCE BROKERS PVT","2018/06/12 00:00:00","IF","","7494616","TN09BA4692","JOSEP FERNANDO FREDR","A","436480"
"G2000767","SA621403","1","00001634","LANDMARK INSURANCE BROKERS PVT","2018/06/12 00:00:00","IF","","002653","GJ05JD2825","SHAH","BHAUMIK VIPINCHANDRA","200692"
"23000040","SA621306","1","00001634","LANDMARK INSURANCE BROKERS PVT","2018/06/12 00:00:00","IF","","216060","MH01BY6683","BAJINA","KAIZAD","100629"
"71000115","I2624145","1","00001634","LANDMARK INSURANCE BROKERS PVT","2018/06/12 00:00:00","IF","40004635","928835","GJ03JR9648","LALITKUMAR CHHAGANBH","BHALODIYA","005841"
"2C000048","S8603992","2","00001634","LANDMARK INSURANCE BROKERS PVT","2018/06/12 00:00:00","IF","","2KDU026736","TN07BR5829","ramakrishnan","kousalya","MBJ11JV4007331302"
"E2000104","SA600122","1","00001634","LANDMARK INSURANCE BROKERS PVT","2018/06/12 00:00:00","IF","","UPEFF010014","KA19EQ8204","..","SHET UDAY","MCDKG1B14F1F18791"
"E6000546","I2624090","1","00000001","BHARTI AXA DIRECT A/C-SM7N","2018/06/12 00:00:00","IF","40004012","F8BIN4671480","KA25MA2243","ASHOK S PAWASE","..","MA3EVB11S0486704"
"23000040","I2195510","3","00001634","LANDMARK INSURANCE BROKERS PVT","2018/06/12 00:00:00","IF","","077799","MH01AX5039","ROMIL M","OZA","T067726"
"11001147","I2624300","1","00001634","LANDMARK INSURANCE BROKERS PVT","2018/06/12 00:00:00","IF","40013042","LL0003418","DL14C0433","ROBIN","SINGH","A00970"
"23000040","SA613705","1","00001634","LANDMARK INSURANCE BROKERS PVT","2018/06/12 00:00:00","IF","","0348697","NEW","MEHTA","MEGHNA","MCAAJPCH3JFA31588*5J"
"G2000122","S0546476","10","00001634","LANDMARK INSURANCE BROKERS PVT","2018/06/12 00:00:00","IF","40004852","308012","GJ05CJ8366","MONIKABEN D","PARMAR","012748"
"2C000048","S8706860","1","00001634","LANDMARK INSURANCE BROKERS PVT","2018/06/12 00:00:00","IF","","1300942","PB02BL6524","SHARMA","ANIL","41005 41005"
"23000040","S0253620","8","00001634","LANDMARK INSURANCE BROKERS PVT","2018/06/12 00:00:00","IF","","07505","MH01AC4133","MADHU","BHATTER","37409"
"11001147","I2623863","1","00001634","LANDMARK INSURANCE BROKERS PVT","2018/06/12 00:00:00","IF","40013341","202558","DL14C0435","GAURAV","SHARMA","049728"
"11001147","I2624254","1","00001634","LANDMARK INSURANCE BROKERS PVT","2018/06/12 00:00:00","IF","40013043","106283","HR12Z4324","JAIMAL","SINGH","T097851"
"71000115","I2623931","1","00001634","LANDMARK INSURANCE BROKERS PVT","2018/06/12 00:00:00","IF","40004718","945532","GJ15CB8443","VARGHESE THOMAS","MANALADIYIL","072877"
"11001147","I2624306","1","00001634","LANDMARK INSURANCE BROKERS PVT","2018/06/12 00:00:00","IF","40013050","4017368","NEW","SHIV KUMAR","SINGH","A23702*2J"
"G2000122","S1208366","7","00001634","LANDMARK INSURANCE BROKERS PVT","2018/06/12 00:00:00","CA","","208220","GJ05CN2209","NAMRATA VINODBHAI","PATHRIA","N104493"
"41000319","I2623926","1","00001634","LANDMARK INSURANCE BROKERS PVT","2018/06/12 00:00:00","IF","40000713","K12MN7102655","KA02MM5637","VIKRAM KULKARNI","..","MBHEWB22SHE123243"
"51000141","I2239201","5","00001634","LANDMARK INSURANCE BROKERS PVT","2018/06/12 00:00:00","IF","","0415396","AP28DU5700","BHEESHMARJUN","REDDY","047044FK2"
"23000040","S5945212","2","00001634","LANDMARK INSURANCE BROKERS PVT","2018/06/12 00:00:00","IF","","078910","MH02DN1337","PIPLIWAL","MOHANLAL","066317"
"11001147","I2624301","1","00001634","LANDMARK INSURANCE BROKERS PVT","2018/06/12 00:00:00","IF","40034026","28397525","DEB0001","SWATI BHARDWAJ","MIGLANI","479021"
"R1000108","S4787590","3","00001634","LANDMARK INSURANCE BROKERS PVT","2018/06/12 00:00:00","IF","","3003211","RJ14CT3296","CHATURVEDI","SANJEEV","200939"
"G3000040","I2624305","1","00001634","LANDMARK INSURANCE BROKERS PVT","2018/06/12 00:00:00","IF","40005100","L12B33023683","GJ04CA2242","MUKESH RAMPAL","SHAH","MAKDD17EEN202028"
"G2000122","I2624062","1","00001634","LANDMARK INSURANCE BROKERS PVT","2018/06/12 00:00:00","IF","40004853","325689","GJ05CR7307","VIJAYPAL MAHENDRA","SINGH","322658"
"2C000048","S8706777","1","00001634","LANDMARK INSURANCE BROKERS PVT","2018/06/12 00:00:00","IF","","JF32AADGK28285","MH15ED1060","GITE","POONAM RAMDAS","MBLJF32ABDGK28150"
"11001147","I2624292","1","00001634","LANDMARK INSURANCE BROKERS PVT","2018/06/12 00:00:00","IF","40013175","454900","DL8CAA3794","NIDHI","JAIN","122513"
"71000115","I0288416","11","00001634","LANDMARK INSURANCE BROKERS PVT","2018/06/12 00:00:00","IF","40004717","027964","GJ01KB9477","","DYNAMIC AUTOLOOMS INDIA PVT LT","020968"
"11001147","I2624256","1","00001634","LANDMARK INSURANCE BROKERS PVT","2018/06/12 00:00:00","IF","40013041","958940","GJ03CN4320","NEELAM DINESH","BATRA","310999"
"R1000108","I2623960","1","00001634","LANDMARK INSURANCE BROKERS PVT","2018/06/12 00:00:00","IF","","345686","RJ14CX0747","NITYA","VYAS","166209"
"91000864","I2624322","1","00001634","LANDMARK INSURANCE BROKERS PVT","2018/06/12 00:00:00","IF","40020041","HHG4C17074","CH01BG9798","GAURAV","GUPTA","HHUG6C18597"
"23000599","I2206341","3","00039984","BHARTI AXA DIRECT ACCOUNT-SM13","2018/06/12 00:00:00","IF","","D002719","MH04FR4769","NEETU","PALAN","MEEHSRA36C7002432"
"11001147","I2624251","1","00001634","LANDMARK INSURANCE BROKERS PVT","2018/06/12 00:00:00","IF","40013045","132626","HR12AC6771","SACHIN","BHUTANI","083405"
"E2000104","S5984163","2","00001634","LANDMARK INSURANCE BROKERS PVT","2018/06/12 00:00:00","IF","","UKEFL058280","KA19ES9456","..","NOORUSHA","MCDAE1B1VF1E10275"
"13000773","I1941336","5","00001634","LANDMARK INSURANCE BROKERS PVT","2018/06/12 00:00:00","IF","","G13BBN492197","DL03CBM0636","AJAY","KUMAR","MA3EKE42S00173046"
"G2000122","I2624267","1","00001634","LANDMARK INSURANCE BROKERS PVT","2018/06/12 00:00:00","IF","40004851","5042944","GJ05JD3473","PUSHPENDRA DHIRUBHAI","PATEL","00257024"
"E6000054","I2207468","3","00001634","LANDMARK INSURANCE BROKERS PVT","2018/06/12 00:00:00","IF","","HJC4E78231","KA25Z5139","SHANKARAPPA K CHILLA","..","MA1YL2HJUC6E88138"
"G1000105","SA619636","1","00001634","LANDMARK INSURANCE BROKERS PVT","2018/06/12 00:00:00","IF","","146107","GJ06KS3372","THAKKAR","RUPAL S","E075710"
"11001147","I2623866","1","00001634","LANDMARK INSURANCE BROKERS PVT","2018/06/12 00:00:00","IF","40013178","809159","HR26AG1530","SINGH","HARENDER","840519"
